,average_return,total_return,std_dev,sharpe_ratio
equal,0.03670120986551273,0.11010362959653819,0.028574709373833454,1.2843948606917734
market,0.0313019437046906,0.0939058311140718,0.024697429002918502,1.2674170943457979
min_var_mark_return,0.031581997460009836,0.09474599238002951,0.02580022447372093,1.2240977783808813
equal_var_max_return,0.03628645992283122,0.10885937976849366,0.03551509579649559,1.0217193311473975
beta_scaled,0.03574796593365496,0.10724389780096488,0.02766506672878096,1.292169879224078
markowitz,0.03327186643487707,0.09981559930463121,0.028950558787069813,1.1492650860244287
treynor,0.02659496371961215,0.07978489115883645,0.031849834640923294,0.8350110454087177
