,average_return,total_return,std_dev,sharpe_ratio
equal,0.010723175253614152,0.632667339963235,0.030301957701495363,0.3538773091576515
market,0.010309632619618819,0.6082683245575103,0.027999341948308325,0.36820981859688706
min_var_mark_return,0.01030963262375079,0.6082683248012966,0.027413005052292497,0.3760854603165301
equal_var_max_return,0.015176136075416421,0.8953920284495689,0.028010752800685178,0.5417967943740946
beta_scaled,0.010207257960843154,0.602228219689746,0.03032137521782326,0.3366357194393745
markowitz,0.011931056225319361,0.7039323172938423,0.027192209972496294,0.4387674351362795
treynor,0.008089348409358403,0.4772715561521457,0.03147673011821068,0.25699456007593235
