,average_return,total_return,std_dev,sharpe_ratio
equal,0.011344841710199333,0.272276201044784,0.032528850059842206,0.34876245822796126
market,0.007763679790860453,0.1863283149806509,0.04201764424532827,0.18477189595710516
min_var_mark_return,0.009043587946191874,0.21704611070860497,0.037163350750600614,0.24334694701999432
equal_var_max_return,0.008543711731910436,0.20504908156585047,0.04335503359131878,0.19706389372100938
beta_scaled,0.010906077782699301,0.26174586678478323,0.03239589365213794,0.3366500057015579
markowitz,0.008941308882283247,0.21459141317479793,0.03857563116090164,0.23178645723224658
treynor,0.012252146568753342,0.2940515176500802,0.03436481469629088,0.35653172225822477
