,average_return,total_return,std_dev,sharpe_ratio
equal,0.026226397267594685,0.026226397267594685,,
market,0.0305658805498554,0.0305658805498554,,
min_var_mark_return,0.027111366867390255,0.027111366867390255,,
equal_var_max_return,0.0333482974798592,0.0333482974798592,,
beta_scaled,0.02544385158372998,0.02544385158372998,,
markowitz,0.02938906252148426,0.02938906252148426,,
treynor,0.01790568844990728,0.01790568844990728,,
